feature_0,feature_1,feature_2,feature_3,feature_4,feature_5,feature_6,feature_7,feature_8,feature_9,feature_10,feature_11,feature_12,feature_13,feature_14,feature_15,feature_16,feature_17,feature_18
0.372145,0.800778,0.818830,0.723747,0.542838,0.791915,1.825040,1.816416,1.626291,1.296817,0.963206,0.974782,0.990863,0.963021,0.874043,0.999422,0.999448,0.999403,0.999213
0.349787,0.812584,0.839113,0.733218,0.543632,0.731907,1.830827,1.836808,1.636906,1.296083,0.972815,0.973598,0.991496,0.964103,0.769922,0.999214,0.999814,0.998677,0.997762
0.332354,0.794734,0.835263,0.747287,0.552055,0.761542,1.797989,1.834151,1.664372,1.332097,0.980507,0.977304,0.993848,0.973214,0.785658,0.999325,0.999999,0.997504,0.998556
0.363204,0.794008,0.837162,0.759274,0.555645,0.834908,1.801600,1.835071,1.674340,1.332833,0.987415,0.977886,0.994122,0.976933,0.867632,0.999240,0.999964,0.998243,0.998574
0.364608,0.798372,0.839054,0.754788,0.552960,0.818379,1.807399,1.836683,1.669589,1.328292,0.983330,0.976560,0.993970,0.975044,0.860014,0.999051,0.999880,0.998593,0.998866
