feature_0,feature_1,feature_2,feature_3,feature_4,feature_5,feature_6,feature_7,feature_8,feature_9,feature_10,feature_11,feature_12,feature_13,feature_14,feature_15,feature_16,feature_17,feature_18
0.609761,0.855670,0.456718,0.429166,0.371487,1.460931,1.928026,0.598293,0.469866,0.442896,0.764200,0.972449,0.947482,0.916238,0.995410,0.996573,0.818044,0.886171,0.857733
0.666117,0.876172,0.319129,0.307117,0.265764,1.499173,1.968719,0.718662,0.577207,0.525151,0.806916,0.975912,0.959060,0.905323,0.997085,0.995672,0.581966,0.708565,0.662088
0.594785,0.825146,0.519579,0.466818,0.369880,1.456207,1.901839,0.549286,0.431392,0.394209,0.796500,0.969567,0.954575,0.909078,0.994531,0.999900,0.792095,0.821139,0.834843
0.627225,0.917246,0.381844,0.355756,0.298535,1.485360,2.012293,0.658001,0.527057,0.510190,0.774531,0.973219,0.946181,0.897400,0.995499,0.996540,0.650983,0.767981,0.704413
0.581933,0.843178,0.481290,0.437429,0.363849,1.455122,1.928871,0.577491,0.463435,0.419868,0.812564,0.974750,0.962453,0.934187,0.995116,0.998887,0.756579,0.808795,0.787339
