feature_0,feature_1,feature_2,feature_3,feature_4,feature_5,feature_6,feature_7,feature_8,feature_9,feature_10,feature_11,feature_12,feature_13,feature_14,feature_15,feature_16,feature_17,feature_18
0.488531,0.264619,0.939498,0.871326,0.628224,1.225222,1.005672,1.928449,1.795080,1.450178,0.999352,0.946220,0.985329,0.960447,0.952965,0.366936,0.996106,0.986787,0.992343
0.423051,0.141346,0.782610,0.764486,0.586704,1.118209,1.032795,1.781620,1.682610,1.387858,0.998981,0.961842,0.990516,0.964217,0.927752,0.237493,0.997853,0.994441,0.997857
0.406671,0.230033,0.875410,0.840034,0.659050,1.084770,0.935495,1.870843,1.778993,1.493869,0.998490,0.941113,0.989248,0.969127,0.989641,0.334217,0.997154,0.990355,0.995026
0.428554,0.113225,0.796603,0.780266,0.616197,1.024187,0.955291,1.796580,1.722888,1.456831,0.998504,0.961547,0.994297,0.971242,0.938106,0.184550,0.999765,0.997964,0.998549
0.434006,0.093100,0.809363,0.775160,0.611955,1.035821,0.987698,1.809362,1.719975,1.456323,0.998107,0.966405,0.994743,0.972195,0.937218,0.159239,0.999890,0.998024,0.998942
