feature_0,feature_1,feature_2,feature_3,feature_4,feature_5,feature_6,feature_7,feature_8,feature_9,feature_10,feature_11,feature_12,feature_13,feature_14,feature_15,feature_16,feature_17,feature_18
0.532809,0.804266,0.471841,0.493954,0.414487,1.246779,1.864548,1.014333,0.658060,0.474558,0.918341,0.942363,0.999666,0.986674,0.997051,0.999979,0.494680,0.563547,0.590094
0.252344,0.965028,0.452149,0.538661,0.419832,0.953184,2.094857,0.837124,0.517701,0.377826,0.923737,0.957334,0.999928,0.966512,0.874252,0.999877,0.531662,0.706489,0.794205
0.441529,0.921700,0.179571,0.387950,0.291746,0.982145,2.008589,0.921369,0.547680,0.481659,0.997279,0.998913,0.998954,0.958480,0.989692,0.999898,0.212093,0.585927,0.590541
0.271392,0.913701,0.477963,0.573991,0.486606,0.578768,1.960566,0.554798,0.347106,0.279125,0.995760,0.996043,0.996631,0.911408,0.935134,0.999942,0.966399,0.999713,0.995048
0.366169,0.880391,0.320142,0.442994,0.347396,0.938228,1.947927,0.778914,0.519567,0.459977,0.988079,0.990537,0.997290,0.967543,0.909703,0.999409,0.447095,0.714946,0.759217
0.196739,0.993647,0.533241,0.627993,0.480904,0.857962,2.120360,0.733162,0.437926,0.290611,0.858573,0.915963,0.992489,0.968132,0.967903,0.999994,0.707745,0.902013,0.970936
0.242795,0.980913,0.396823,0.561659,0.434483,0.847861,2.066860,0.807375,0.438647,0.332152,0.928204,0.966746,0.998275,0.964764,0.842125,0.999514,0.491582,0.802918,0.884879
0.179101,0.980785,0.458120,0.594081,0.462052,0.711122,2.074512,0.655741,0.357974,0.260464,0.948256,0.971289,0.999234,0.922386,0.640346,0.999782,0.607852,0.921296,0.972561
