feature_0,feature_1,feature_2,feature_3,feature_4,feature_5,feature_6,feature_7,feature_8,feature_9,feature_10,feature_11,feature_12,feature_13,feature_14,feature_15,feature_16,feature_17,feature_18
0.650616,0.327836,0.470398,0.358642,0.752655,1.471475,0.733377,0.544983,0.613882,1.663159,0.989773,0.988223,0.975800,0.957177,0.999889,0.446715,0.598032,0.443378,0.995203
0.666546,0.323658,0.459751,0.359817,0.732286,1.471360,0.715856,0.549961,0.613455,1.647151,0.982758,0.990725,0.979915,0.960382,0.999989,0.421145,0.579884,0.439654,0.994593
0.680600,0.323755,0.441828,0.339449,0.747175,1.491883,0.717386,0.567020,0.635000,1.666521,0.984539,0.989000,0.980148,0.963501,0.999995,0.397412,0.549180,0.406897,0.996308
0.663444,0.341150,0.446656,0.325137,0.725475,1.450325,0.705101,0.556094,0.636845,1.632083,0.980125,0.989255,0.984778,0.961673,0.999986,0.445987,0.578936,0.415687,0.999186
0.650844,0.356155,0.466541,0.343851,0.716254,1.443779,0.690761,0.537989,0.619169,1.622322,0.981036,0.989462,0.981760,0.960752,0.999954,0.467567,0.610004,0.443984,0.998938
