feature_0,feature_1,feature_2,feature_3,feature_4,feature_5,feature_6,feature_7,feature_8,feature_9,feature_10,feature_11,feature_12,feature_13,feature_14,feature_15,feature_16,feature_17,feature_18
0.362378,0.860657,0.909832,0.164945,0.302824,0.745626,1.903471,1.906898,0.763501,0.461345,0.984071,0.969572,0.999661,0.999574,0.967917,0.999659,0.999885,0.258882,0.680866
0.395882,0.835673,0.891476,0.108230,0.223687,0.815982,1.869082,1.887781,0.797969,0.525049,0.973058,0.969563,0.999925,0.998572,0.984467,0.999398,0.999956,0.175109,0.545019
0.382901,0.847507,0.884301,0.284578,0.383186,0.776535,1.882307,1.882245,0.673574,0.424554,0.998261,0.975578,0.992190,0.999779,0.958599,0.999319,0.999165,0.412576,0.795702
0.334858,0.893305,0.908790,0.318960,0.399722,0.689165,1.940556,1.906795,0.597507,0.371361,0.981975,0.966968,0.997182,0.999904,0.957175,0.999685,0.999940,0.529058,0.890698
0.420621,0.825998,0.930011,0.218445,0.236313,0.964370,1.866319,1.926173,0.730445,0.618091,0.979918,0.971662,0.994296,0.997387,0.963336,0.998492,0.999999,0.346543,0.520544
