feature_0,feature_1,feature_2,feature_3,feature_4,feature_5,feature_6,feature_7,feature_8,feature_9,feature_10,feature_11,feature_12,feature_13,feature_14,feature_15,feature_16,feature_17,feature_18
0.517248,0.206431,0.247700,0.258453,0.207127,1.158387,0.891994,0.758203,0.650632,0.605506,0.984478,0.991708,0.982396,0.976133,0.988980,0.234768,0.260762,0.301019,0.368407
0.530593,0.145693,0.193833,0.257475,0.203650,1.180295,0.924945,0.826528,0.682909,0.669315,0.966404,0.989366,0.985004,0.975773,0.987712,0.167575,0.203573,0.293282,0.324590
0.548230,0.266122,0.279921,0.296597,0.256454,1.295421,0.888057,0.789591,0.662951,0.599452,0.989647,0.987802,0.982074,0.964567,0.981692,0.350838,0.345489,0.393671,0.398258
0.415742,0.319459,0.365360,0.374686,0.322992,1.150252,0.935326,0.819157,0.634084,0.574362,0.967980,0.994995,0.976303,0.976161,0.998763,0.404389,0.386440,0.420731,0.465868
0.435404,0.384122,0.436339,0.416756,0.376369,1.171880,0.961970,0.873047,0.748083,0.669552,0.967882,0.999380,0.987526,0.978061,0.997944,0.457161,0.415134,0.365867,0.419805
