feature_0,feature_1,feature_2,feature_3,feature_4,feature_5,feature_6,feature_7,feature_8,feature_9,feature_10,feature_11,feature_12,feature_13,feature_14,feature_15,feature_16,feature_17,feature_18
0.569020,0.828394,0.837877,0.758185,0.553584,1.334585,1.871692,1.831554,1.658889,1.312291,0.933288,0.974137,0.991353,0.960571,0.996796,0.998825,0.998915,0.999976,0.998482
0.579262,0.879432,0.883088,0.793315,0.594929,1.366605,1.931726,1.874454,1.682464,1.330449,0.916435,0.969131,0.989226,0.952463,0.995299,0.998442,0.998094,0.999862,0.999067
0.535365,0.844107,0.904922,0.834566,0.620823,1.230185,1.851105,1.902401,1.763056,1.429000,0.928660,0.976644,0.995015,0.974933,0.996621,0.999526,0.999980,0.998948,0.998899
0.518739,0.815866,0.908325,0.828369,0.656816,1.179024,1.798137,1.907990,1.780280,1.510487,0.941053,0.976743,0.993990,0.973760,0.998646,0.999146,0.999972,0.998950,0.999028
0.530554,0.812510,0.896761,0.822549,0.644055,1.203854,1.803884,1.896367,1.766437,1.481067,0.942981,0.978085,0.994301,0.972754,0.997987,0.999405,0.999927,0.997793,0.998590
